-- Temperature --
INSERT INTO weather.temperature (id, scale,degrees)
VALUES (1, 0, 10);
INSERT INTO weather.temperature (id, scale,degrees)
VALUES (2, 0, 20);
INSERT INTO weather.temperature (id, scale,degrees)
VALUES (3, 0, 30);
INSERT INTO weather.temperature (id, scale,degrees)
VALUES (4, 0, 22);
INSERT INTO weather.temperature (id, scale,degrees)
VALUES (5, 0, 25);
INSERT INTO weather.temperature (id, scale,degrees)
VALUES (6, 0, 26);
INSERT INTO weather.temperature (id, scale,degrees)
VALUES (7, 0, 27);
INSERT INTO weather.temperature (id, scale,degrees)
VALUES (8, 0, 28);
INSERT INTO weather.temperature (id, scale,degrees)
VALUES (9, 0, 29);
INSERT INTO weather.temperature (id, scale,degrees)
VALUES (10, 0, 300);
INSERT INTO weather.temperature (id, scale,degrees)
VALUES (11, 0, 31);
INSERT INTO weather.temperature (id, scale,degrees)
VALUES (12, 0, 32);
INSERT INTO weather.temperature (id, scale,degrees)
VALUES (13, 0, 23);
INSERT INTO weather.temperature (id, scale,degrees)
VALUES (14, 0, 24);
INSERT INTO weather.temperature (id, scale,degrees)
VALUES (15, 0, 25);
INSERT INTO weather.temperature (id, scale,degrees)
VALUES (16, 0, 26);
INSERT INTO weather.temperature (id, scale,degrees)
VALUES (17, 0, 27);
INSERT INTO weather.temperature (id, scale,degrees)
VALUES (18, 0, 28);
INSERT INTO weather.temperature (id, scale,degrees)
VALUES (19, 0, 29);
INSERT INTO weather.temperature (id, scale,degrees)
VALUES (20, 0, 20);

INSERT INTO weather.temperature (id, scale,degrees)
VALUES (21, 0, 21);
INSERT INTO weather.temperature (id, scale,degrees)
VALUES (22, 0, 22);
INSERT INTO weather.temperature (id, scale,degrees)
VALUES (23, 0, 23);
INSERT INTO weather.temperature (id, scale,degrees)
VALUES (24, 0, 24);
INSERT INTO weather.temperature (id, scale,degrees)
VALUES (25, 0, 25);
INSERT INTO weather.temperature (id, scale,degrees)
VALUES (26, 0, 26);
INSERT INTO weather.temperature (id, scale,degrees)
VALUES (27, 0, 27);
INSERT INTO weather.temperature (id, scale,degrees)
VALUES (28, 0, 28);
INSERT INTO weather.temperature (id, scale,degrees)
VALUES (29, 0, 29);
INSERT INTO weather.temperature (id, scale,degrees)
VALUES (30, 0, 30);
INSERT INTO weather.temperature (id, scale,degrees)
VALUES (31, 0, 31);
INSERT INTO weather.temperature (id, scale,degrees)
VALUES (32, 0, 32);
INSERT INTO weather.temperature (id, scale,degrees)
VALUES (33, 0, 33);
INSERT INTO weather.temperature (id, scale,degrees)
VALUES (34, 0, 34);
INSERT INTO weather.temperature (id, scale,degrees)
VALUES (35, 0, 35);
INSERT INTO weather.temperature (id, scale,degrees)
VALUES (36, 0, 36);
INSERT INTO weather.temperature (id, scale,degrees)
VALUES (37, 0, 37);
INSERT INTO weather.temperature (id, scale,degrees)
VALUES (38, 0, 38);
INSERT INTO weather.temperature (id, scale,degrees)
VALUES (39, 0, 39);
INSERT INTO weather.temperature (id, scale,degrees)
VALUES (40, 0, 40);

INSERT INTO weather.temperature (id, scale,degrees)
VALUES (41, 0, 21);
INSERT INTO weather.temperature (id, scale,degrees)
VALUES (42, 0, 22);
INSERT INTO weather.temperature (id, scale,degrees)
VALUES (43, 0, 23);
INSERT INTO weather.temperature (id, scale,degrees)
VALUES (44, 0, 24);
INSERT INTO weather.temperature (id, scale,degrees)
VALUES (45, 0, 25);
INSERT INTO weather.temperature (id, scale,degrees)
VALUES (46, 0, 26);
INSERT INTO weather.temperature (id, scale,degrees)
VALUES (47, 0, 27);
INSERT INTO weather.temperature (id, scale,degrees)
VALUES (48, 0, 28);
INSERT INTO weather.temperature (id, scale,degrees)
VALUES (49, 0, 29);
INSERT INTO weather.temperature(id, scale,degrees)
VALUES (50, 0, 20);
INSERT INTO weather.temperature (id, scale,degrees)
VALUES (51, 0, 31);
INSERT INTO weather.temperature (id, scale,degrees)
VALUES (52, 0, 22);
INSERT INTO weather.temperature (id, scale,degrees)
VALUES (53, 0, 23);
INSERT INTO weather.temperature (id, scale,degrees)
VALUES (54, 0, 24);
INSERT INTO weather.temperature (id, scale,degrees)
VALUES (55, 0, 25);
INSERT INTO weather.temperature (id, scale,degrees)
VALUES (56, 0, 26);
INSERT INTO weather.temperature (id, scale,degrees)
VALUES (57, 0, 27);
INSERT INTO weather.temperature (id, scale,degrees)
VALUES (58, 0, 28);
INSERT INTO weather.temperature (id, scale,degrees)
VALUES (59, 0, 29);
INSERT INTO weather.temperature (id, scale,degrees)
VALUES (60, 0, 20);

INSERT INTO weather.temperature (id, scale,degrees)
VALUES (61, 0, 21);
INSERT INTO weather.temperature (id, scale,degrees)
VALUES (62, 0, 22);
INSERT INTO weather.temperature (id, scale,degrees)
VALUES (63, 0, 23);
INSERT INTO weather.temperature (id, scale,degrees)
VALUES (64, 0, 24);
INSERT INTO weather.temperature (id, scale,degrees)
VALUES (65, 0, 25);
INSERT INTO weather.temperature (id, scale,degrees)
VALUES (66, 0, 26);
INSERT INTO weather.temperature (id, scale,degrees)
VALUES (67, 0, 27);
INSERT INTO weather.temperature (id, scale,degrees)
VALUES (68, 0, 28);
INSERT INTO weather.temperature (id, scale,degrees)
VALUES (69, 0, 29);
INSERT INTO weather.temperature (id, scale,degrees)
VALUES (70, 0, 20);
INSERT INTO weather.temperature (id, scale,degrees)
VALUES (71, 0, 21);
INSERT INTO weather.temperature (id, scale,degrees)
VALUES (72, 0, 22);
INSERT INTO weather.temperature (id, scale,degrees)
VALUES (73, 0, 23);
INSERT INTO weather.temperature (id, scale,degrees)
VALUES (74, 0, 24);
INSERT INTO weather.temperature (id, scale,degrees)
VALUES (75, 0, 25);
INSERT INTO weather.temperature (id, scale,degrees)
VALUES (76, 0, 26);
INSERT INTO weather.temperature (id, scale,degrees)
VALUES (77, 0, 27);
INSERT INTO weather.temperature (id, scale,degrees)
VALUES (78, 0, 28);
INSERT INTO weather.temperature (id, scale,degrees)
VALUES (79, 0, 29);
INSERT INTO weather.temperature (id, scale,degrees)
VALUES (80, 0, 20);

-- Weather --
INSERT INTO weather.weather (id, overall,temperature_id)
VALUES (1, 0, 1);
INSERT INTO weather.weather (id, overall,temperature_id)
VALUES (2, 0, 2);
INSERT INTO weather.weather (id, overall,temperature_id)
VALUES (3, 0, 3);
INSERT INTO weather.weather (id, overall,temperature_id)
VALUES (4, 0, 4);
INSERT INTO weather.weather (id, overall,temperature_id)
VALUES (5, 0, 5);
INSERT INTO weather.weather (id, overall,temperature_id)
VALUES (6, 0, 6);
INSERT INTO weather.weather (id, overall,temperature_id)
VALUES (7, 0, 7);
INSERT INTO weather.weather (id, overall,temperature_id)
VALUES (8, 0, 8);
INSERT INTO weather.weather (id, overall,temperature_id)
VALUES (9, 0, 9);
INSERT INTO weather.weather (id, overall,temperature_id)
VALUES (10, 0, 10);
INSERT INTO weather.weather (id, overall,temperature_id)
VALUES (11, 0, 11);
INSERT INTO weather.weather (id, overall,temperature_id)
VALUES (12, 0, 12);
INSERT INTO weather.weather (id, overall,temperature_id)
VALUES (13, 0, 13);
INSERT INTO weather.weather (id, overall,temperature_id)
VALUES (14, 0, 14);
INSERT INTO weather.weather (id, overall,temperature_id)
VALUES (15, 0, 15);
INSERT INTO weather.weather (id, overall,temperature_id)
VALUES (16, 0, 16);
INSERT INTO weather.weather (id, overall,temperature_id)
VALUES (17, 0, 17);
INSERT INTO weather.weather (id, overall,temperature_id)
VALUES (18, 0, 18);
INSERT INTO weather.weather (id, overall,temperature_id)
VALUES (19, 0, 19);
INSERT INTO weather.weather (id, overall,temperature_id)
VALUES (20, 0, 20);

INSERT INTO weather.weather (id, overall,temperature_id)
VALUES (21, 0, 21);
INSERT INTO weather.weather (id, overall,temperature_id)
VALUES (22, 0, 22);
INSERT INTO weather.weather (id, overall,temperature_id)
VALUES (23, 0, 23);
INSERT INTO weather.weather (id, overall,temperature_id)
VALUES (24, 0, 24);
INSERT INTO weather.weather (id, overall,temperature_id)
VALUES (25, 0, 25);
INSERT INTO weather.weather (id, overall,temperature_id)
VALUES (26, 0, 26);
INSERT INTO weather.weather (id, overall,temperature_id)
VALUES (27, 0, 27);
INSERT INTO weather.weather (id, overall,temperature_id)
VALUES (28, 0, 28);
INSERT INTO weather.weather (id, overall,temperature_id)
VALUES (29, 0, 29);
INSERT INTO weather.weather (id, overall,temperature_id)
VALUES (30, 0, 30);
INSERT INTO weather.weather (id, overall,temperature_id)
VALUES (31, 0, 31);
INSERT INTO weather.weather (id, overall,temperature_id)
VALUES (32, 0, 32);
INSERT INTO weather.weather (id, overall,temperature_id)
VALUES (33, 0, 33);
INSERT INTO weather.weather (id, overall,temperature_id)
VALUES (34, 0, 34);
INSERT INTO weather.weather (id, overall,temperature_id)
VALUES (35, 0, 35);
INSERT INTO weather.weather (id, overall,temperature_id)
VALUES (36, 0, 36);
INSERT INTO weather.weather (id, overall,temperature_id)
VALUES (37, 0, 37);
INSERT INTO weather.weather (id, overall,temperature_id)
VALUES (38, 0, 38);
INSERT INTO weather.weather (id, overall,temperature_id)
VALUES (39, 0, 39);
INSERT INTO weather.weather (id, overall,temperature_id)
VALUES (40, 0, 40);

INSERT INTO weather.weather (id, overall,temperature_id)
VALUES (41, 0, 41);
INSERT INTO weather.weather (id, overall,temperature_id)
VALUES (42, 0, 42);
INSERT INTO weather.weather (id, overall,temperature_id)
VALUES (43, 0, 43);
INSERT INTO weather.weather (id, overall,temperature_id)
VALUES (44, 0, 44);
INSERT INTO weather.weather (id, overall,temperature_id)
VALUES (45, 0, 45);
INSERT INTO weather.weather (id, overall,temperature_id)
VALUES (46, 0, 46);
INSERT INTO weather.weather (id, overall,temperature_id)
VALUES (47, 0, 47);
INSERT INTO weather.weather (id, overall,temperature_id)
VALUES (48, 0, 48);
INSERT INTO weather.weather (id, overall,temperature_id)
VALUES (49, 0, 49);
INSERT INTO weather.weather (id, overall,temperature_id)
VALUES (50, 0, 50);
INSERT INTO weather.weather (id, overall,temperature_id)
VALUES (51, 0, 51);
INSERT INTO weather.weather (id, overall,temperature_id)
VALUES (52, 0, 52);
INSERT INTO weather.weather (id, overall,temperature_id)
VALUES (53, 0, 53);
INSERT INTO weather.weather (id, overall,temperature_id)
VALUES (54, 0, 54);
INSERT INTO weather.weather (id, overall,temperature_id)
VALUES (55, 0, 55);
INSERT INTO weather.weather (id, overall,temperature_id)
VALUES (56, 0, 56);
INSERT INTO weather.weather (id, overall,temperature_id)
VALUES (57, 0, 57);
INSERT INTO weather.weather (id, overall,temperature_id)
VALUES (58, 0, 58);
INSERT INTO weather.weather (id, overall,temperature_id)
VALUES (59, 0, 59);
INSERT INTO weather.weather (id, overall,temperature_id)
VALUES (60, 0, 60);

INSERT INTO weather.weather (id, overall,temperature_id)
VALUES (61, 0, 61);
INSERT INTO weather.weather (id, overall,temperature_id)
VALUES (62, 0, 62);
INSERT INTO weather.weather (id, overall,temperature_id)
VALUES (63, 0, 63);
INSERT INTO weather.weather (id, overall,temperature_id)
VALUES (64, 0, 64);
INSERT INTO weather.weather (id, overall,temperature_id)
VALUES (65, 0, 65);
INSERT INTO weather.weather (id, overall,temperature_id)
VALUES (66, 0, 66);
INSERT INTO weather.weather (id, overall,temperature_id)
VALUES (67, 0, 67);
INSERT INTO weather.weather (id, overall,temperature_id)
VALUES (68, 0, 68);
INSERT INTO weather.weather (id, overall,temperature_id)
VALUES (69, 0, 69);
INSERT INTO weather.weather (id, overall,temperature_id)
VALUES (70, 0, 70);
INSERT INTO weather.weather (id, overall,temperature_id)
VALUES (71, 0, 71);
INSERT INTO weather.weather (id, overall,temperature_id)
VALUES (72, 0, 72);
INSERT INTO weather.weather (id, overall,temperature_id)
VALUES (73, 0, 73);
INSERT INTO weather.weather (id, overall,temperature_id)
VALUES (74, 0, 74);
INSERT INTO weather.weather (id, overall,temperature_id)
VALUES (75, 0, 75);
INSERT INTO weather.weather (id, overall,temperature_id)
VALUES (76, 0, 76);
INSERT INTO weather.weather (id, overall,temperature_id)
VALUES (77, 0, 77);
INSERT INTO weather.weather (id, overall,temperature_id)
VALUES (78, 0, 78);
INSERT INTO weather.weather (id, overall,temperature_id)
VALUES (79, 0, 79);
INSERT INTO weather.weather (id, overall,temperature_id)
VALUES (80, 0, 80);

-- Forecast --
INSERT INTO weather.forecast (id, country, city, date,weather_id)
VALUES (1, 'Ukraine', 'Kharkiv', '2024-05-01 20:00:00',1);
INSERT INTO weather.forecast (id, country, city, date,weather_id)
VALUES (2, 'Ukraine', 'Kiev', '2024-05-01 21:15:00',2);
INSERT INTO weather.forecast (id, country, city, date,weather_id)
VALUES (3, 'Ukraine', 'Poltava', '2024-05-01 20:20:00',3);
INSERT INTO weather.forecast (id, country, city, date,weather_id)
VALUES (4, 'Ukraine', 'Lviv', '2024-05-01 15:15:00',4);
INSERT INTO weather.forecast (id, country, city, date,weather_id)
VALUES (5, 'Norway', 'Oslo', '2024-05-01 15:35:00',5);
INSERT INTO weather.forecast (id, country, city, date,weather_id)
VALUES (6, 'Germany', 'Berlin', '2024-05-01 05:05:00',6);
INSERT INTO weather.forecast (id, country, city, date,weather_id)
VALUES (7, 'Germany', 'Gamburg', '2024-05-02 10:10:00',7);
INSERT INTO weather.forecast (id, country, city, date,weather_id)
VALUES (8, 'Spain', 'Madrid', '2024-05-02 17:45:00',8);
INSERT INTO weather.forecast (id, country, city, date,weather_id)
VALUES (9, 'Spain', 'Barcelona', '2024-05-02 16:37:00',9);
INSERT INTO weather.forecast (id, country, city, date,weather_id)
VALUES (10, 'Poland', 'Warsaw', '2024-05-02 14:20:00',10);
INSERT INTO weather.forecast (id, country, city, date,weather_id)
VALUES (11, 'Ukraine', 'Lviv', '2024-05-02 05:15:00',11);
INSERT INTO weather.forecast (id, country, city, date,weather_id)
VALUES (12, 'Spain', 'Madrid', '2024-05-02 07:15:00',12);
INSERT INTO weather.forecast (id, country, city, date,weather_id)
VALUES (13, 'Poland', 'Wroclaw', '2024-05-01 02:23:00',13);
INSERT INTO weather.forecast (id, country, city, date,weather_id)
VALUES (14, 'Ukraine', 'Kiev', '2024-05-01 15:15:00',14);
INSERT INTO weather.forecast (id, country, city, date,weather_id)
VALUES (15, 'Norway', 'Bergen', '2024-05-01 05:35:00',15);
INSERT INTO weather.forecast (id, country, city, date,weather_id)
VALUES (16, 'Germany', 'Berlin', '2024-05-02 05:05:00',16);
INSERT INTO weather.forecast (id, country, city, date,weather_id)
VALUES (17, 'Germany', 'Gamburg', '2024-05-02 10:10:00',17);
INSERT INTO weather.forecast (id, country, city, date,weather_id)
VALUES (18, 'United Kingdom', 'London', '2024-05-02 18:45:00',18);
INSERT INTO weather.forecast (id, country, city, date,weather_id)
VALUES (19, 'Spain', 'Barcelona', '2024-05-01 16:37:00',19);
INSERT INTO weather.forecast (id, country, city, date,weather_id)
VALUES (20, 'Poland', 'Warsaw', '2024-05-01 14:20:00',20);

INSERT INTO weather.forecast (id, country, city, date,weather_id)
VALUES (21, 'Ukraine', 'Lviv', '2024-05-02 21:10:00',21);
INSERT INTO weather.forecast (id, country, city, date,weather_id)
VALUES (22, 'Poland', 'Warsaw', '2024-05-02 21:25:00',22);
INSERT INTO weather.forecast (id, country, city, date,weather_id)
VALUES (23, 'Ukraine', 'Poltava', '2024-05-02 20:20:00',23);
INSERT INTO weather.forecast (id, country, city, date,weather_id)
VALUES (24, 'Ukraine', 'Lviv', '2024-05-01 15:15:00',24);
INSERT INTO weather.forecast (id, country, city, date,weather_id)
VALUES (25, 'Norway', 'Oslo', '2024-05-01 15:35:00',25);
INSERT INTO weather.forecast (id, country, city, date,weather_id)
VALUES (26, 'Germany', 'Berlin', '2024-05-02 10:15:00',26);
INSERT INTO weather.forecast (id, country, city, date,weather_id)
VALUES (27, 'Germany', 'Berlin', '2024-05-01 10:10:00',27);
INSERT INTO weather.forecast (id, country, city, date,weather_id)
VALUES (28, 'Spain', 'Madrid', '2024-05-02 17:45:00',28);
INSERT INTO weather.forecast (id, country, city, date,weather_id)
VALUES (29, 'Spain', 'Barcelona', '2024-05-01 16:37:00',29);
INSERT INTO weather.forecast (id, country, city, date,weather_id)
VALUES (30, 'Poland', 'Gdansk', '2024-05-02 14:41:00',30);
INSERT INTO weather.forecast (id, country, city, date,weather_id)
VALUES (31, 'Poland', 'Gdansk', '2024-05-01 05:15:00',31);
INSERT INTO weather.forecast (id, country, city, date,weather_id)
VALUES (32, 'Spain', 'Madrid', '2024-05-02 07:15:00',32);
INSERT INTO weather.forecast (id, country, city, date,weather_id)
VALUES (33, 'Poland', 'Wroclaw', '2024-05-02 04:23:00',33);
INSERT INTO weather.forecast (id, country, city, date,weather_id)
VALUES (34, 'Ukraine', 'Kiev', '2024-05-01 20:15:00',34);
INSERT INTO weather.forecast (id, country, city, date,weather_id)
VALUES (35, 'Norway', 'Bergen', '2024-05-02 08:35:00',35);
INSERT INTO weather.forecast (id, country, city, date,weather_id)
VALUES (36, 'Germany', 'Berlin', '2024-05-02 19:05:00',36);
INSERT INTO weather.forecast (id, country, city, date,weather_id)
VALUES (37, 'Germany', 'Gamburg', '2024-05-02 10:53:00',37);
INSERT INTO weather.forecast (id, country, city, date,weather_id)
VALUES (38, 'United Kingdom', 'London', '2024-05-01 17:25:00',38);
INSERT INTO weather.forecast (id, country, city, date,weather_id)
VALUES (39, 'Spain', 'Barcelona', '2024-05-02 16:37:00',39);
INSERT INTO weather.forecast (id, country, city, date,weather_id)
VALUES (40, 'Poland', 'Warsaw', '2024-05-02 14:20:00',40);

INSERT INTO weather.forecast (id, country, city, date,weather_id)
VALUES (41, 'Ukraine', 'Kharkiv', '2024-05-01 07:07:00',41);
INSERT INTO weather.forecast (id, country, city, date,weather_id)
VALUES (42, 'Poland', 'Warsaw', '2024-05-01 10:25:00',42);
INSERT INTO weather.forecast (id, country, city, date,weather_id)
VALUES (43, 'Ukraine', 'Poltava', '2024-05-02 10:20:00',43);
INSERT INTO weather.forecast (id, country, city, date,weather_id)
VALUES (44, 'Ukraine', 'Lviv', '2024-05-02 15:13:00',44);
INSERT INTO weather.forecast (id, country, city, date,weather_id)
VALUES (45, 'Ukraine', 'Kharkiv', '2024-05-02 15:35:00',45);
INSERT INTO weather.forecast (id, country, city, date,weather_id)
VALUES (46, 'Germany', 'Berlin', '2024-05-01 10:15:00',46);
INSERT INTO weather.forecast (id, country, city, date,weather_id)
VALUES (47, 'Ukraine', 'Kiev', '2024-05-01 10:14:00',47);
INSERT INTO weather.forecast (id, country, city, date,weather_id)
VALUES (48, 'Spain', 'Madrid', '2024-05-01 17:33:00',48);
INSERT INTO weather.forecast (id, country, city, date,weather_id)
VALUES (49, 'Spain', 'Barcelona', '2024-05-02 16:37:00',49);
INSERT INTO weather.forecast (id, country, city, date,weather_id)
VALUES (50, 'Poland', 'Gdansk', '2024-05-02 14:41:00',50);
INSERT INTO weather.forecast (id, country, city, date,weather_id)
VALUES (51, 'Poland', 'Gdansk', '2024-05-01 05:15:00',51);
INSERT INTO weather.forecast (id, country, city, date,weather_id)
VALUES (52, 'Spain', 'Madrid', '2024-05-02 10:15:00',52);
INSERT INTO weather.forecast (id, country, city, date,weather_id)
VALUES (53, 'Poland', 'Wroclaw', '2024-05-02 12:23:00',53);
INSERT INTO weather.forecast (id, country, city, date,weather_id)
VALUES (54, 'Ukraine', 'Kiev', '2024-05-01 20:15:00',54);
INSERT INTO weather.forecast (id, country, city, date,weather_id)
VALUES (55, 'Norway', 'Bergen', '2024-05-02 18:35:00',55);
INSERT INTO weather.forecast (id, country, city, date,weather_id)
VALUES (56, 'Germany', 'Berlin', '2024-05-02 11:05:00',56);
INSERT INTO weather.forecast (id, country, city, date,weather_id)
VALUES (57, 'Ukraine', 'Kiev', '2024-05-01 10:53:00',57);
INSERT INTO weather.forecast (id, country, city, date,weather_id)
VALUES (58, 'United Kingdom', 'London', '2024-05-02 18:25:00',58);
INSERT INTO weather.forecast (id, country, city, date,weather_id)
VALUES (59, 'Ukraine', 'Kharkiv', '2024-05-01 16:37:00',59);
INSERT INTO weather.forecast (id, country, city, date,weather_id)
VALUES (60, 'Ukraine', 'Kharkiv', '2024-05-01 14:20:00',60);

INSERT INTO weather.forecast (id, country, city, date,weather_id)
VALUES (61, 'Ukraine', 'Kharkiv', '2024-05-01 07:07:00',61);
INSERT INTO weather.forecast (id, country, city, date,weather_id)
VALUES (62, 'Poland', 'Warsaw', '2024-05-01 10:25:00',62);
INSERT INTO weather.forecast (id, country, city, date,weather_id)
VALUES (63, 'Ukraine', 'Poltava', '2024-05-01 10:20:00',63);
INSERT INTO weather.forecast (id, country, city, date,weather_id)
VALUES (64, 'Ukraine', 'Lviv', '2024-05-02 15:13:00',64);
INSERT INTO weather.forecast (id, country, city, date,weather_id)
VALUES (65, 'Ukraine', 'Kharkiv', '2024-05-02 15:35:00',65);
INSERT INTO weather.forecast (id, country, city, date,weather_id)
VALUES (66, 'Germany', 'Berlin', '2024-05-01 10:15:00',66);
INSERT INTO weather.forecast (id, country, city, date,weather_id)
VALUES (67, 'Ukraine', 'Kiev', '2024-05-01 10:14:00',67);
INSERT INTO weather.forecast (id, country, city, date,weather_id)
VALUES (68, 'Spain', 'Madrid', '2024-05-01 17:33:00',68);
INSERT INTO weather.forecast (id, country, city, date,weather_id)
VALUES (69, 'Spain', 'Barcelona', '2024-05-02 16:37:00',69);
INSERT INTO weather.forecast (id, country, city, date,weather_id)
VALUES (70, 'Poland', 'Gdansk', '2024-05-02 14:41:00',70);
INSERT INTO weather.forecast (id, country, city, date,weather_id)
VALUES (71, 'Poland', 'Gdansk', '2024-05-01 05:15:00',71);
INSERT INTO weather.forecast (id, country, city, date,weather_id)
VALUES (72, 'Spain', 'Madrid', '2024-05-01 10:15:00',72);
INSERT INTO weather.forecast (id, country, city, date,weather_id)
VALUES (73, 'Poland', 'Wroclaw', '2024-05-01 12:23:00',73);
INSERT INTO weather.forecast (id, country, city, date,weather_id)
VALUES (74, 'Ukraine', 'Kiev', '2024-05-02 20:15:00',74);
INSERT INTO weather.forecast (id, country, city, date,weather_id)
VALUES (75, 'Norway', 'Bergen', '2024-05-01 18:35:00',75);
INSERT INTO weather.forecast (id, country, city, date,weather_id)
VALUES (76, 'Germany', 'Berlin', '2024-05-01 11:05:00',76);
INSERT INTO weather.forecast (id, country, city, date,weather_id)
VALUES (77, 'Ukraine', 'Kiev', '2024-05-02 10:53:00',77);
INSERT INTO weather.forecast (id, country, city, date,weather_id)
VALUES (78, 'United Kingdom', 'London', '2024-05-01 18:25:00',78);
INSERT INTO weather.forecast (id, country, city, date,weather_id)
VALUES (79, 'Ukraine', 'Kharkiv', '2024-05-02 16:37:00',79);
INSERT INTO weather.forecast (id, country, city, date,weather_id)
VALUES (80, 'Ukraine', 'Kharkiv', '2024-05-02 14:20:00',80);
