INSERT INTO weather.temperature (id, scale, degrees)
VALUES (1, 0, 22);
INSERT INTO weather.temperature (id, scale, degrees)
VALUES (2, 0, 20);
INSERT INTO weather.temperature (id, scale, degrees)
VALUES (3, 0, 23);
INSERT INTO weather.temperature (id, scale, degrees)
VALUES (4, 0, 21);
INSERT INTO weather.temperature (id, scale, degrees)
VALUES (5, 0, 25);
INSERT INTO weather.temperature (id, scale, degrees)
VALUES (6, 0, 27);
INSERT INTO weather.temperature (id, scale, degrees)
VALUES (7, 0, 29);
INSERT INTO weather.temperature (id, scale, degrees)
VALUES (8, 0, 27);
INSERT INTO weather.temperature (id, scale, degrees)
VALUES (9, 0, 20);
INSERT INTO weather.temperature (id, scale, degrees)
VALUES (10, 0, 21);
INSERT INTO weather.temperature (id, scale, degrees)
VALUES (11, 0, 19);
INSERT INTO weather.temperature (id, scale, degrees)
VALUES (12, 0, 22);
INSERT INTO weather.temperature (id, scale, degrees)
VALUES (13, 0, 23);
INSERT INTO weather.temperature (id, scale, degrees)
VALUES (14, 0, 25);
INSERT INTO weather.temperature (id, scale, degrees)
VALUES (15, 0, 26);
INSERT INTO weather.temperature (id, scale, degrees)
VALUES (16, 0, 27);
INSERT INTO weather.temperature (id, scale, degrees)
VALUES (17, 0, 23);
INSERT INTO weather.temperature (id, scale, degrees)
VALUES (18, 0, 19);
INSERT INTO weather.temperature (id, scale, degrees)
VALUES (19, 0, 20);
INSERT INTO weather.temperature (id, scale, degrees)
VALUES (20, 0, 28);


INSERT INTO weather.weather (id, overall, temperature_id)
VALUES (1, 0, 1);
INSERT INTO weather.weather (id, overall, temperature_id)
VALUES (2, 1, 2);
INSERT INTO weather.weather (id, overall, temperature_id)
VALUES (3, 2, 3);
INSERT INTO weather.weather (id, overall, temperature_id)
VALUES (4, 3, 4);
INSERT INTO weather.weather (id, overall, temperature_id)
VALUES (5, 0, 5);
INSERT INTO weather.weather (id, overall, temperature_id)
VALUES (6, 1, 6);
INSERT INTO weather.weather (id, overall, temperature_id)
VALUES (7, 2, 7);
INSERT INTO weather.weather (id, overall, temperature_id)
VALUES (8, 3, 8);
INSERT INTO weather.weather (id, overall, temperature_id)
VALUES (9, 0, 9);
INSERT INTO weather.weather (id, overall, temperature_id)
VALUES (10, 1, 10);
INSERT INTO weather.weather (id, overall, temperature_id)
VALUES (11, 0, 11);
INSERT INTO weather.weather (id, overall, temperature_id)
VALUES (12, 1, 12);
INSERT INTO weather.weather (id, overall, temperature_id)
VALUES (13, 2, 13);
INSERT INTO weather.weather (id, overall, temperature_id)
VALUES (14, 3, 14);
INSERT INTO weather.weather (id, overall, temperature_id)
VALUES (15, 0, 15);
INSERT INTO weather.weather (id, overall, temperature_id)
VALUES (16, 1, 16);
INSERT INTO weather.weather (id, overall, temperature_id)
VALUES (17, 2, 17);
INSERT INTO weather.weather (id, overall, temperature_id)
VALUES (18, 3, 18);
INSERT INTO weather.weather (id, overall, temperature_id)
VALUES (19, 0, 19);
INSERT INTO weather.weather (id, overall, temperature_id)
VALUES (20, 1, 20);


INSERT INTO weather.forecast (id, country, city, date, weather_id)
VALUES (1, 'Ukraine', 'Kharkiv', '2023-09-05 20:00:00', 1);
INSERT INTO weather.forecast (id, country, city, date, weather_id)
VALUES (2, 'Ukraine', 'Kiev', '2023-09-04 21:15:00', 2);
INSERT INTO weather.forecast (id, country, city, date, weather_id)
VALUES (3, 'Ukraine', 'Poltava', '2023-09-05 20:20:00', 3);
INSERT INTO weather.forecast (id, country, city, date, weather_id)
VALUES (4, 'Ukraine', 'Lviv', '2023-09-04 15:15:00', 4);
INSERT INTO weather.forecast (id, country, city, date, weather_id)
VALUES (5, 'Norway', 'Oslo', '2023-09-05 15:35:00', 5);
INSERT INTO weather.forecast (id, country, city, date, weather_id)
VALUES (6, 'Germany', 'Berlin', '2023-09-04 09:05:00', 6);
INSERT INTO weather.forecast (id, country, city, date, weather_id)
VALUES (7, 'Germany', 'Gamburg', '2023-09-03 10:10:00', 7);
INSERT INTO weather.forecast (id, country, city, date, weather_id)
VALUES (8, 'Spain', 'Madrid', '2023-09-05 17:45:00', 8);
INSERT INTO weather.forecast (id, country, city, date, weather_id)
VALUES (9, 'Spain', 'Barcelona', '2023-09-04 16:37:00', 9);
INSERT INTO weather.forecast (id, country, city, date, weather_id)
VALUES (10, 'Poland', 'Warsaw', '2023-09-05 14:20:00', 10);
INSERT INTO weather.forecast (id, country, city, date, weather_id)
VALUES (11, 'Ukraine', 'Lviv', '2023-09-02 05:15:00', 11);
INSERT INTO weather.forecast (id, country, city, date, weather_id)
VALUES (12, 'Spain', 'Madrid', '2023-09-02 07:15:00', 12);
INSERT INTO weather.forecast (id, country, city, date, weather_id)
VALUES (13, 'Poland', 'Wroclaw', '2023-09-04 02:23:00', 13);
INSERT INTO weather.forecast (id, country, city, date, weather_id)
VALUES (14, 'Ukraine', 'Kiev', '2023-09-04 15:15:00', 14);
INSERT INTO weather.forecast (id, country, city, date, weather_id)
VALUES (15, 'Norway', 'Bergen', '2023-09-05 05:35:00', 15);
INSERT INTO weather.forecast (id, country, city, date, weather_id)
VALUES (16, 'Germany', 'Berlin', '2023-09-02 09:05:00', 16);
INSERT INTO weather.forecast (id, country, city, date, weather_id)
VALUES (17, 'Germany', 'Gamburg', '2023-09-03 10:10:00', 17);
INSERT INTO weather.forecast (id, country, city, date, weather_id)
VALUES (18, 'United Kingdom', 'London', '2023-09-02 18:45:00', 18);
INSERT INTO weather.forecast (id, country, city, date, weather_id)
VALUES (19, 'Spain', 'Barcelona', '2023-09-04 16:37:00', 19);
INSERT INTO weather.forecast (id, country, city, date, weather_id)
VALUES (20, 'Poland', 'Warsaw', '2023-09-05 14:20:00', 20);